{
    "0": 0.9724944071588367,
    "1": 0.7553518679409209,
    "2": 0.19485633600788918,
    "3": 12.673615160349854,
    "4": 1.8127814845704755,
    "5": 6.792265625,
    "6": 6.792265625,
    "7": 6.792265625,
    "8": 6.813557993730408,
    "9": 6.792265625,
    "10": 0.2343423180592992,
    "11": 6.792265625,
    "12": 1.552517857142857,
    "13": 6.802895148669797,
    "14": 6.792265625,
    "15": 0.3266003005259204,
    "16": 0.8681945276612743,
    "17": 1.1803013847407005,
    "18": 6.802895148669797,
    "19": 1.69806640625
}